collegename,place,course,opening cutoff,closing cutoff,noseats
Madras Institute of Technology,Chennai,Aeronautical Engineering,189.5,199.25,100
Madras Institute of Technology,Chennai,Computer Science Engineering,176.5,199.25,100
Madras Institute of Technology,Chennai,Electronics and Communication Engineering,185.75,198.5,100
Madras Institute of Technology,Chennai,Electronics and Instrumentation Engineering,176.25,199.75,100
Madras Institute of Technology,Chennai,Rubber Technology,159.75,195.75,100
College of Engineering-Anna University,Chennai,Civil Engineering,179,199.25,100
College of Engineering-Anna University,Chennai,Computer Science Engineering,183,200,100
College of Engineering-Anna University,Chennai,Electronics and Communication Engineering,194.75,200,100
College of Engineering-Anna University,Chennai,Electrical and Electronics Engineering,189.5,199.67,100
College of Engineering-Anna University,Chennai,Geo informatics,181,197.25,100
College of Engineering-Anna University,Chennai,Industrial Engineering,171.5,197.25,100
College of Engineering-Anna University,Chennai,Mechanical Engineering,194.25,200,100
College of Engineering-Anna University,Chennai,Mining Engineering,185.25,198.25,100
College of Engineering-Anna University,Chennai,Manufacturing Engineering,175.25,197,100
College of Engineering-Anna University,Chennai,Printing Technology,138.5,194.25,100
PSG College of Technology,Coimbatore,Civil Engineering,189.25,198.75,100
PSG College of Technology,Coimbatore,Electronics and Communication Engineering,191.5,199.25,100
PSG College of Technology,Coimbatore,Electrical and Electronics Engineering,183.75,199.75,100
PSG College of Technology,Coimbatore,Mechanical Engineering,194.75,199.5,100
PSG College of Technology,Coimbatore,Metallurgical Engineering,175.75,197.5,100
PSG College of Technology,Coimbatore,Production Engineering,152.75,197.75,100
PSG College of Technology,Coimbatore,Textile Technology,163.75,196.25,100
SSN College of Engineering,Kalavakkam,Biomedical Engineering,165.25,196.25,100
SSN College of Engineering,Kalavakkam,Civil Engineering,172.25,196.75,100
SSN College of Engineering,Kalavakkam,Chemical Engineering,152.5,195.75,100
SSN College of Engineering,Kalavakkam,Computer Science Engineering,166,199,100
SSN College of Engineering,Kalavakkam,Electronics and Communication Engineering,172,198.75,100
SSN College of Engineering,Kalavakkam,Electrical and Electronics Engineering,163.5,197.25,100
SSN College of Engineering,Kalavakkam,Information Technology,159,196.25,100
Anna University,Tiruchirappalli,Automobile Engineering,140,191.5,100
Anna University,Tiruchirappalli,Biotechnology Engineering,143,193.25,100
Anna University,Tiruchirappalli,Civil Engineering,147.25,194.5,100
Anna University,Tiruchirappalli,Computer Science Engineering,152.25,195,100
Anna University,Tiruchirappalli,Electronics and Communication Engineering,167.5,195.75,100
Anna University,Tiruchirappalli,Electrical and Electronics Engineering,168.25,195.75,100
Anna University,Tiruchirappalli,Information Technology,132.75,192.25,100
Anna University,Tiruchirappalli,Mechanical Engineering,138,195.5,100
Anna University,Tiruchirappalli,Petrochemical Engineering,143.5,193,100
Anna University,Tiruchirappalli,Pharmaceutical Technology,146.25,194.75,100
Anna University,Tiruchirappalli,Civil Engineering,77.75,178,100
Anna University,Tiruchirappalli,Mechanical Engineering,87.75,177.25,100
Alagappa College of Technology,Chennai,Chemical Engineering,176,198.75,100
Alagappa College of Technology,Chennai,Ceramic Engineering,149,193,100
Alagappa College of Technology,Chennai,Industrial Biotechnology,172.25,199.25,100
Alagappa College of Technology,Chennai,Textile Technology,139.75,193.75,100
